Language,Ground Truth,Predicted,CER,WER,MER,Confidence,Status
bhojpuri.txt,हम आज इसकूल जाए में देरी कर देनी।,हम आज इसकूल जाए में देरी कर देनी।,0.0,0.0,0.0,0.8205,CORRECT
bhojpuri.txt,राम रोज बिहान जल्दी उठ के योगा करेला।,राम रोज बिहान जल्दी उठ के योगा करेला।,0.0,0.0,0.0,0.9839,CORRECT
bhojpuri.txt,भारत कई गो भाषा आ संस्कृति वाला देस ह।,भारत कई गो भाषा आ संस्कृति वाला देस ह।,0.0,0.0,0.0,0.998,CORRECT
bhojpuri.txt,बच्चा लोग के हमेशा सच बोले के चाहीं।,बच्चा लोग के हमेशा सच बोले के चाहीं।,0.0,0.0,0.0,0.94,CORRECT
bhojpuri.txt,आज मौसम बहुत नीक बा।,आज मौसम बहुत नीक बा।,0.0,0.0,0.0,0.9992,CORRECT
bhojpuri.txt,किसान खेत में गहूँ काट रहल बा।,किसान खेत में गहूँ काट रहल बा।,0.0,0.0,0.0,0.998,CORRECT
bhojpuri.txt,हमनी के अपना माई-बाप के आदर करे के चाहीं।,हमनी के अपना माई-बाप के आदर करे के चाहीं।,0.0,0.0,0.0,0.9906,CORRECT
bhojpuri.txt,ऊ लाइब्रेरी में किताब पढ़त रहली।,ऊ लाइब्रेरी में किताब पढ़त रहली।,0.0,0.0,0.0,0.9957,CORRECT
bhojpuri.txt,रेलगाड़ी आज देरी से पहुँचल।,रेलगाड़ी आज देरी से पहुँचल।,0.0,0.0,0.0,0.999,CORRECT
bhojpuri.txt,डाक्टर मरीज के दवाई समय पर खाए के कहलन।,डाक्टर मरीज के दवाई समय पर खाए के कहलन।,0.0,0.0,0.0,0.9901,CORRECT
bhojpuri.txt,पेड़ से साफ हवा मिलेला।,पेड़ से साफ हवा मिलेला।,0.0,0.0,0.0,0.9133,CORRECT
bhojpuri.txt,लइका लोग परीक्षा खातिर मेहनत करत बा।,लइका लोग परीक्षा खातिर मेहनत करत बा।,0.0,0.0,0.0,0.987,CORRECT
bhojpuri.txt,नदी में बरखा से पानी बढ़ गइल बा।,नदी में बरखा से पानी बढ़ गइल बा।,0.0,0.0,0.0,0.9597,CORRECT
bhojpuri.txt,ऊ अपना दोस्त के जनमदिन के बधाई दिहलस।,ऊ अपना दोस्त के जनमदिन के बधाई दिहलस।,0.0,0.0,0.0,0.9856,CORRECT
bhojpuri.txt,गाँव में सभे मिलके परोगराम मना रहल बा।,गाँव में सभे मिलके परोगराम मना रहल बा।,0.0,0.0,0.0,0.9856,CORRECT
bhojpuri.txt,हमरा गणित के सवाल हल करे में मजा आवेला।,हमरा गणित के सवाल हल करे में मजा आवेला।,0.0,0.0,0.0,0.9925,CORRECT
bhojpuri.txt,चिरई बिहान में मीठ आवाज करेले।,चिरई बिहान में मीठ आवाज करेले।,0.0,0.0,0.0,0.9118,CORRECT
bhojpuri.txt,समय के सही उपयोग करे के चाहीं।,समय के सही उपयोग करे के चाहीं।,0.0,0.0,0.0,0.9983,CORRECT
bhojpuri.txt,सुरज पूरुब दिशा से निकलऽता।,सुरज पूरुब दिशा से निकलऽता।,0.0,0.0,0.0,0.965,CORRECT
bhojpuri.txt,गुरुजी नया पाठ पढ़वले।,गुरुजी नया पाठ पढ़वले।,0.0,0.0,0.0,0.9788,CORRECT
bhojpuri.txt,हमरा आम खाए बहुत पसंद बा।,हमरा आम खाए बहुत पसंद बा।,0.0,0.0,0.0,0.9391,CORRECT
bhojpuri.txt,ऊ अपना दादा जी संगे बजार गइल रहे।,ऊ अपना दादा जी संगे बजार गइल रहे।,0.0,0.0,0.0,0.996,CORRECT
bhojpuri.txt,बरखा से सड़क पर पानी भर गइल।,बरखा से सड़क पर पानी भर गइल।,0.0,0.0,0.0,0.9854,CORRECT
bhojpuri.txt,सभे बच्चा मिलके इसकूल साफ कइलस।,सभे बच्चा मिलके इसकूल साफ कइलस।,0.0,0.0,0.0,0.8919,CORRECT
bhojpuri.txt,पर्यावरण बचावे खातिर पेड़ लगावे के चाहीं।,पर्यावरण बचावे खातिर पेड़ लगावे के चाहीं।,0.0,0.0,0.0,0.9984,CORRECT
bhojpuri.txt,हमार बहिन रोज गाना के अभ्यास करेले।,हमार बहिन रोज गाना के अभ्यास करेले।,0.0,0.0,0.0,0.9959,CORRECT
bhojpuri.txt,काल्ह रात बहुत तारा देखात रहे।,काल्ह रात बहुत तारा देखात रहे।,0.0,0.0,0.0,0.9918,CORRECT
bhojpuri.txt,पुलिस चोर के पकड़ लिहलस।,पुलिस चोर के पकड़ लिहलस।,0.0,0.0,0.0,0.9934,CORRECT
bhojpuri.txt,किताब पढ़ला से ज्ञान बढ़ेला।,किताब पढ़ला से ज्ञान बढ़ेला।,0.0,0.0,0.0,0.9964,CORRECT
bhojpuri.txt,बूढ़ आदमी धीरे-धीरे सड़क पार करत रहे।,बूढ़ आदमी धीरे-धीरे सड़क पार करत रहे।,0.0,0.0,0.0,0.9856,CORRECT
bhojpuri.txt,मोहन अपना दोस्त के उपहार दिहलस।,मोहन अपना दोस्त के उपहार दिहलस।,0.0,0.0,0.0,0.9981,CORRECT
bhojpuri.txt,दोसरा लोग के मदद करे के चाहीं।,दोसरा लोग के मदद करे के चाहीं।,0.0,0.0,0.0,0.9576,CORRECT
bhojpuri.txt,इसकूल में विज्ञान प्रदर्शनी लागल रहे।,इसकूल में विज्ञान प्रदर्शनी लागल रहे।,0.0,0.0,0.0,0.8616,CORRECT
bhojpuri.txt,लइका लोग मैदान में क्रिकेट खेलत रहे।,लइका लोग मैदान में क्रिकेट खेलत रहे।,0.0,0.0,0.0,0.978,CORRECT
bhojpuri.txt,ऊ परीक्षा में पहिला नंबर पवलस।,ऊ परीक्षा में पहिला नंबर पवलस।,0.0,0.0,0.0,0.9291,CORRECT
bhojpuri.txt,माई स्वादिष्ट खाना बनवली।,माई स्वादिष्ट खाना बनवली।,0.0,0.0,0.0,0.7972,CORRECT
bhojpuri.txt,यात्री लोग बस के इंतजार करत रहे।,यात्री लोग बस के इंतजार करत रहे।,0.0,0.0,0.0,0.9997,CORRECT
bhojpuri.txt,जंगल में कई तरह के जानवर रहेला।,जंगल में कई तरह के जानवर रहेला।,0.0,0.0,0.0,0.8859,CORRECT
bhojpuri.txt,पानी बचावे के चाहीं।,पानी बचावे के चाहीं।,0.0,0.0,0.0,0.9952,CORRECT
bhojpuri.txt,सिपाही सीमा पर ड्यूटी करत बाड़ें।,सिपाही सीमा पर ड्यूटी करत बाड़ें।,0.0,0.0,0.0,0.9994,CORRECT
bhojpuri.txt,हमरा भोजपुरी बोले में गर्व होला।,हमरा भोजपुरी बोले में गर्व होला।,0.0,0.0,0.0,0.953,CORRECT
bhojpuri.txt,ऊ रोज अखबार पढ़ेला।,ऊ रोज अखबार पढ़ेला।,0.0,0.0,0.0,0.9677,CORRECT
bhojpuri.txt,सभे मिलके राष्ट्रगान गवलस।,सभे मिलके राष्ट्रगान गवलस।,0.0,0.0,0.0,0.9637,CORRECT
bhojpuri.txt,चिड़ियाघर में हाथी आ शेर देखाइल।,चिड़ियाघर में हाथी आ शेर देखाइल।,0.0,0.0,0.0,0.9702,CORRECT
bhojpuri.txt,दादी बच्चा लोग के कहानी सुनावेली।,दादी बच्चा लोग के कहानी सुनावेली।,0.0,0.0,0.0,0.9285,CORRECT
bhojpuri.txt,आज बजार में बहुत भीड़ रहल।,आज बजार में बहुत भीड़ रहल।,0.0,0.0,0.0,0.9531,CORRECT
bhojpuri.txt,वैज्ञानिक नया खोज में लागल बाड़ें।,वैज्ञानिक नया खोज में लागल बाड़ें।,0.0,0.0,0.0,0.9946,CORRECT
bhojpuri.txt,अपना सेहत के ध्यान रखे के चाहीं।,अपना सेहत के ध्यान रखे के चाहीं।,0.0,0.0,0.0,0.9823,CORRECT
bhojpuri.txt,मंदिर लगे बरगद के पेड़ बा।,मंदिर लगे बरगद के पेड़ बा।,0.0,0.0,0.0,0.9958,CORRECT
bhojpuri.txt,विद्यार्थी कंप्यूटर सीखे में लागल बाड़ें।,विद्यार्थी कंप्यूटर सीखे में लागल बाड़ें।,0.0,0.0,0.0,0.9837,CORRECT
hindi.txt,मुझे आज विधालय जाने में देर हो गई।,मुझे आज विधालय जाने में देर हो गई।,0.0,0.0,0.0,0.8999,CORRECT
hindi.txt,राम प्रतिदिन सुबह जल्दी उठकर योगा करता है।,राम प्रतिदिन सुबह जल्दी उठकर योगा करता है।,0.0,0.0,0.0,0.9976,CORRECT
hindi.txt,भारत विविध संस्कृतियों और भषाओं वाला देश है।,भारत विविध संस्कृतियों और भषाओं वाला देश है।,0.0,0.0,0.0,0.9985,CORRECT
hindi.txt,बच्चो को हमेशा सच बोलना चाहीए।,बच्चो को हमेशा सच बोलना चाहीए।,0.0,0.0,0.0,0.9986,CORRECT
hindi.txt,मौसम आज बहुत सुहावना और ठन्डा है।,मौसम आज बहुत सुहावना और ठन्डा है।,0.0,0.0,0.0,0.9992,CORRECT
hindi.txt,किसान खेत में गेहु की फसल काट रहा है।,किसान खेत में गेहु की फसल काट रहा है।,0.0,0.0,0.0,0.9998,CORRECT
hindi.txt,हमे अपने माता-पिता का सम्मान करना चाहिये।,हमे अपने माता-पिता का सम्मान करना चाहिये।,0.0,0.0,0.0,0.9999,CORRECT
hindi.txt,वह पुस्तकलाय में बैठकर इतिहास की पुस्तक पढ़ रही है।,वह पुस्तकलाय में बैठकर इतिहास की पुस्तक पढ़ रही है।,0.0,0.0,0.0,0.9163,CORRECT
hindi.txt,ट्रेन अपने निर्धारित समय से थोड़ी देर से पहुची।,ट्रेन अपने निर्धारित समय से थोड़ी देर से पहुची।,0.0,0.0,0.0,0.9991,CORRECT
hindi.txt,डॉक्टर ने मरीज को नियमित दवा लेने की सलह दी।,डॉक्टर ने मरीज को नियमित दवा लेने की सलह दी।,0.0,0.0,0.0,0.9993,CORRECT
hindi.txt,पेड़ो से हमें स्वच्छ हवा और छाया मिलती है।,पेड़ो से हमें स्वच्छ हवा और छाया मिलती है।,0.0,0.0,0.0,0.9991,CORRECT
hindi.txt,छात्र परीक्षा की तैय्यारी पूरी मेहनत से कर रहे हैं।,छात्र परीक्षा की तैय्यारी पूरी मेहनत से कर रहे हैं।,0.0,0.0,0.0,0.9948,CORRECT
hindi.txt,नदी का पानी बरसात के कारण बहुत बढ गया है।,नदी का पानी बरसात के कारण बहुत बढ गया है।,0.0,0.0,0.0,0.9997,CORRECT
hindi.txt,उसने अपने मित्र को जन्मदिन की शुभकामनाए दीं।,उसने अपने मित्र को जन्मदिन की शुभकामनाए दीं।,0.0,0.0,0.0,0.998,CORRECT
hindi.txt,गाँव के लोग मिलकर वार्षिक उत्सव मना रहे है।,गाँव के लोग मिलकर वार्षिक उत्सव मना रहे है।,0.0,0.0,0.0,0.9996,CORRECT
hindi.txt,मुझे गणित के कठिन प्रशन हल करना पसंद है।,मुझे गणित के कठिन प्रशन हल करना पसंद है।,0.0,0.0,0.0,0.9999,CORRECT
hindi.txt,पक्षी सुबह होते ही मधुर आवाज में चहचहाने लगते हैं।,पक्षी सुबह होते ही मधुर आवाज में चहचहाने लगते हैं।,0.0,0.0,0.0,0.9994,CORRECT
hindi.txt,हमे समय का सदुपयोग करना चाहिये।,हमे समय का सदुपयोग करना चाहिये।,0.0,0.0,0.0,0.9999,CORRECT
hindi.txt,सुरज पूर्व दिशा से निकलता है।,सुरज पूर्व दिशा से निकलता है।,0.0,0.0,0.0,0.9057,CORRECT
hindi.txt,शिक्षक ने विद्यार्थीयों को नया पाठ समझाया।,शिक्षक ने विद्यार्थीयों को नया पाठ समझाया।,0.0,0.0,0.0,0.9999,CORRECT
hindi.txt,मुझे आम खाना बहुत पसन्द है।,मुझे आम खाना बहुत पसन्द है।,0.0,0.0,0.0,0.9995,CORRECT
hindi.txt,वह अपने दादा जी के साथ बजार गया था।,वह अपने दादा जी के साथ बजार गया था।,0.0,0.0,0.0,0.9001,CORRECT
hindi.txt,बारिश के कारण सडक पर पानी भर गया।,बारिश के कारण सडक पर पानी भर गया।,0.0,0.0,0.0,0.9996,CORRECT
hindi.txt,सभी बच्चों ने मिलकर विधालय को साफ किया।,सभी बच्चों ने मिलकर विधालय को साफ किया।,0.0,0.0,0.0,0.9995,CORRECT
hindi.txt,हमें पर्यावरन की रक्षा के लिए पेड़ लगाने चाहिए।,हमें पर्यावरन की रक्षा के लिए पेड़ लगाने चाहिए।,0.0,0.0,0.0,0.9984,CORRECT
hindi.txt,मेरी बहन प्रतिदिन संगीत का अभ्यास करती है।,मेरी बहन प्रतिदिन संगीत का अभ्यास करती है।,0.0,0.0,0.0,0.9998,CORRECT
hindi.txt,कल रात आकाश में बहुत सारे तारे दिखाई दे रहे थे।,कल रात आकाश में बहुत सारे तारे दिखाई दे रहे थे।,0.0,0.0,0.0,0.9999,CORRECT
hindi.txt,पुलीस ने चोर को पकड़ लिया।,पुलीस ने चोर को पकड़ लिया।,0.0,0.0,0.0,0.9991,CORRECT
hindi.txt,पुस्तक पढ़ने से ज्ञान बढता है।,पुस्तक पढ़ने से ज्ञान बढता है।,0.0,0.0,0.0,0.9992,CORRECT
hindi.txt,वृद्ध व्यक्ति धीरे-धीरे सडक पार कर रहा था।,वृद्ध व्यक्ति धीरे-धीरे सडक पार कर रहा था।,0.0,0.0,0.0,0.9997,CORRECT
hindi.txt,मोहन ने अपने मित्र को एक सुंदर उपहार दिया।,मोहन ने अपने मित्र को एक सुंदर उपहार दिया।,0.0,0.0,0.0,0.9998,CORRECT
hindi.txt,हमें दुसरों की सहायता करने के लिए हमेशा तैयार रहना चाहिए।,हमें दुसरों की सहायता करने के लिए हमेशा तैयार रहना चाहिए।,0.0,0.0,0.0,0.9993,CORRECT
hindi.txt,विधालय में विज्ञान प्रदर्शनी का आयोजन किया गया।,विधालय में विज्ञान प्रदर्शनी का आयोजन किया गया।,0.0,0.0,0.0,1.0,CORRECT
hindi.txt,बच्चे मैदान में क्रिकेट खेल रहे थे।,बच्चे मैदान में क्रिकेट खेल रहे थे।,0.0,0.0,0.0,0.9999,CORRECT
hindi.txt,वह परीक्षा में प्रथम स्थान प्राप्त करके बहुत खुश था।,वह परीक्षा में प्रथम स्थान प्राप्त करके बहुत खुश था।,0.0,0.0,0.0,0.9993,CORRECT
hindi.txt,माँ ने स्वादिस्ट भोजन बनाया।,माँ ने स्वादिस्ट भोजन बनाया।,0.0,0.0,0.0,0.9958,CORRECT
hindi.txt,यात्री बस का इंतजार कर रहे थे।,यात्री बस का इंतजार कर रहे थे।,0.0,0.0,0.0,0.9999,CORRECT
hindi.txt,जंगल में कई प्रकार के जंगली जानवर रहते हैं।,जंगल में कई प्रकार के जंगली जानवर रहते हैं।,0.0,0.0,0.0,0.9999,CORRECT
hindi.txt,हमें जल की बचत करनी चाहिये।,हमें जल की बचत करनी चाहिये।,0.0,0.0,0.0,0.9999,CORRECT
hindi.txt,सैनिक देश की रक्षा के लिए सीमा पर तैनात हैं।,सैनिक देश की रक्षा के लिए सीमा पर तैनात हैं।,0.0,0.0,0.0,0.9999,CORRECT
hindi.txt,मुझे हिंदी भाषा पढ़ना और लिखना अच्छा लगता है।,मुझे हिंदी भाषा पढ़ना और लिखना अच्छा लगता है।,0.0,0.0,0.0,0.9998,CORRECT
hindi.txt,वह प्रतिदिन समाचार पत्र पढ़ता है।,वह प्रतिदिन समाचार पत्र पढ़ता है।,0.0,0.0,0.0,0.9998,CORRECT
hindi.txt,सभी विद्यार्थियों ने राष्ट्रिय गान गाया।,सभी विद्यार्थियों ने राष्ट्रिय गान गाया।,0.0,0.0,0.0,0.9995,CORRECT
hindi.txt,चिड़ियाघर में बच्चों ने हाथी और शेर देखे।,चिड़ियाघर में बच्चों ने हाथी और शेर देखे।,0.0,0.0,0.0,0.9998,CORRECT
hindi.txt,दादी माँ बच्चों को रोचक कहानियाँ सुनाती हैं।,दादी माँ बच्चों को रोचक कहानियाँ सुनाती हैं।,0.0,0.0,0.0,0.9998,CORRECT
hindi.txt,आज बजार में बहुत भीड़ थी।,आज बजार में बहुत भीड़ थी।,0.0,0.0,0.0,0.9271,CORRECT
hindi.txt,वैज्ञानिक नई खोज करने में लगे हुए हैं।,वैज्ञानिक नई खोज करने में लगे हुए हैं।,0.0,0.0,0.0,0.9996,CORRECT
hindi.txt,हमें अपने स्वास्थ्य का ध्यान रखना चाहिए।,हमें अपने स्वास्थ्य का ध्यान रखना चाहिए।,0.0,0.0,0.0,0.9998,CORRECT
hindi.txt,मंदिर के पास एक बड़ा बरगद का पेड़ है।,मंदिर के पास एक बड़ा बरगद का पेड़ है।,0.0,0.0,0.0,0.9999,CORRECT
hindi.txt,विद्यार्थी कंप्यूटर प्रयोगशाला में नया प्रोग्राम सीख रहे हैं।,विद्यार्थी कंप्यूटर प्रयोगशाला में नया प्रोग्राम सीख रहे हैं।,0.0,0.0,0.0,0.9996,CORRECT
kannada.txt,ನಾನು ಇಂದು ಶಾಲೆಗೆ ಹೋಗಲು ತಡವಾಯಿತು।,ನಾನು ಇಂದು ಶಾಲೆಗೆ ಹೋಗಲು ತಡವಾಯಿತು।,0.0,0.0,0.0,0.8716,CORRECT
kannada.txt,ರಾಮ ಪ್ರತಿದಿನ ಬೆಳಗ್ಗೆ ಬೇಗ ಎದ್ದು ಯೋಗ ಮಾಡುತ್ತಾನೆ।,ರಾಮ ಪ್ರತಿದಿನ ಬೆಳಗ್ಗೆ ಬೇಗ ಎದ್ದು ಯೋಗ ಮಾಡುತ್ತಾನೆ।,0.0,0.0,0.0,0.9905,CORRECT
kannada.txt,ಭಾರತವು ವಿವಿಧ ಭಾಷೆಗಳು ಮತ್ತು ಸಂಸ್ಕೃತಿಗಳ ದೇಶವಾಗಿದೆ।,ಭಾರತವು ವಿವಿಧ ಭಾಷೆಗಳು ಮತ್ತು ಸಂಸ್ಕೃತಿಗಳ ದೇಶವಾಗಿದೆ।,0.0,0.0,0.0,0.8748,CORRECT
kannada.txt,ಮಕ್ಕಳು ಯಾವಾಗಲೂ ಸತ್ಯವನ್ನು ಹೇಳಬೇಕು।,ಮಕ್ಕಳು ಯಾವಾಗಲೂ ಸತ್ಯವನ್ನು ಹೇಳಬೇಕು।,0.0,0.0,0.0,0.8318,CORRECT
kannada.txt,ಇಂದು ಹವಾಮಾನ ಬಹಳ ಚಳಿಯಾಗಿತ್ತು।,ಇಂದು ಹವಾಮಾನ ಬಹಳ ಚಳಿಯಾಗಿತ್ತು।,0.0,0.0,0.0,0.9088,CORRECT
kannada.txt,ರೈತನು ಹೊಲದಲ್ಲಿ ಗೋಧಿ ಕತ್ತರಿಸುತ್ತಿದ್ದಾನೆ।,ರೈತನು ಹೊಲದಲ್ಲಿ ಗೋಧಿ ಕತ್ತರಿಸುತ್ತಿದ್ದಾನೆ।,0.0,0.0,0.0,0.9072,CORRECT
kannada.txt,ನಾವು ನಮ್ಮ ತಂದೆತಾಯಿಯನ್ನು ಗೌರವಿಸಬೇಕು।,ನಾವು ನಮ್ಮ ತಂದೆತಾಯಿಯನ್ನು ಗೌರವಿಸಬೇಕು।,0.0,0.0,0.0,0.9499,CORRECT
kannada.txt,ಅವಳು ಪುಸ್ತಕಾಲಯದಲ್ಲಿ ಕುಳಿತು ಪುಸ್ತಕ ಓದುತ್ತಿದ್ದಾಳೆ।,ಅವಳು ಪುಸ್ತಕಾಲಯದಲ್ಲಿ ಕುಳಿತು ಪುಸ್ತಕ ಓದುತ್ತಿದ್ದಾಳೆ।,0.0,0.0,0.0,0.9489,CORRECT
kannada.txt,ರೈಲು ಇಂದು ತಡವಾಗಿ ಬಂದಿತು।,ರೈಲು ಇಂದು ತಡವಾಗಿ ಬಂದಿತು।,0.0,0.0,0.0,0.799,CORRECT
kannada.txt,ವೈದ್ಯರು ರೋಗಿಗೆ ಔಷಧಿಯನ್ನು ಸಮಯಕ್ಕೆ ತೆಗೆದುಕೊಳ್ಳಲು ಹೇಳಿದರು।,ವೈದ್ಯರು ರೋಗಿಗೆ ಔಷಧಿಯನ್ನು ಸಮಯಕ್ಕೆ ತೆಗೆದುಕೊಳ್ಳಲು ಹೇಳಿದರು।,0.0,0.0,0.0,0.8708,CORRECT
kannada.txt,ಮರಗಳು ನಮಗೆ ಶುದ್ಧ ಗಾಳಿ ನೀಡುತ್ತವೆ।,ಮರಗಳು ನಮಗೆ ಶುದ್ಧ ಗಾಳಿ ನೀಡುತ್ತವೆ।,0.0,0.0,0.0,0.9961,CORRECT
kannada.txt,ವಿದ್ಯಾರ್ಥಿಗಳು ಪರೀಕ್ಷೆಗೆ ಶ್ರಮಿಸುತ್ತಿದ್ದಾರೆ।,ವಿದ್ಯಾರ್ಥಿಗಳು ಪರೀಕ್ಷೆಗೆ ಶ್ರಮಿಸುತ್ತಿದ್ದಾರೆ।,0.0,0.0,0.0,0.9529,CORRECT
kannada.txt,ಮಳೆಯಿಂದ ನದಿಯ ನೀರು ಹೆಚ್ಚಾಗಿದೆ।,ಮಳೆಯಿಂದ ನದಿಯ ನೀರು ಹೆಚ್ಚಾಗಿದೆ।,0.0,0.0,0.0,0.8568,CORRECT
kannada.txt,ಅವನು ತನ್ನ ಸ್ನೇಹಿತನಿಗೆ ಹುಟ್ಟುಹಬ್ಬದ ಶುಭಾಶಯ ತಿಳಿಸಿದನು।,ಅವನು ತನ್ನ ಸ್ನೇಹಿತನಿಗೆ ಹುಟ್ಟುಹಬ್ಬದ ಶುಭಾಶಯ ತಿಳಿಸಿದನು।,0.0,0.0,0.0,0.9229,CORRECT
kannada.txt,ಗ್ರಾಮಸ್ಥರು ಒಟ್ಟಾಗಿ ಹಬ್ಬ ಆಚರಿಸುತ್ತಿದ್ದಾರೆ।,ಗ್ರಾಮಸ್ಥರು ಒಟ್ಟಾಗಿ ಹಬ್ಬ ಆಚರಿಸುತ್ತಿದ್ದಾರೆ।,0.0,0.0,0.0,0.9318,CORRECT
kannada.txt,ನನಗೆ ಗಣಿತದ ಪ್ರಶ್ನೆಗಳನ್ನು ಬಗೆಹರಿಸಲು ಇಷ್ಟ।,ನನಗೆ ಗಣಿತದ ಪ್ರಶ್ನೆಗಳನ್ನು ಬಗೆಹರಿಸಲು ಇಷ್ಟ।,0.0,0.0,0.0,0.8563,CORRECT
kannada.txt,ಪಕ್ಷಿಗಳು ಬೆಳಿಗ್ಗೆ ಸಿಹಿಯಾಗಿ ಕೂಗುತ್ತವೆ।,ಪಕ್ಷಿಗಳು ಬೆಳಿಗ್ಗೆ ಸಿಹಿಯಾಗಿ ಕೂಗುತ್ತವೆ।,0.0,0.0,0.0,0.9667,CORRECT
kannada.txt,ಸಮಯವನ್ನು ಸರಿಯಾಗಿ ಬಳಸಬೇಕು।,ಸಮಯವನ್ನು ಸರಿಯಾಗಿ ಬಳಸಬೇಕು।,0.0,0.0,0.0,0.9957,CORRECT
kannada.txt,ಸೂರ್ಯನು ಪೂರ್ವ ದಿಕ್ಕಿನಲ್ಲಿ ಉದಯಿಸುತ್ತಾನೆ।,ಸೂರ್ಯನು ಪೂರ್ವ ದಿಕ್ಕಿನಲ್ಲಿ ಉದಯಿಸುತ್ತಾನೆ।,0.0,0.0,0.0,0.8763,CORRECT
kannada.txt,ಶಿಕ್ಷಕರು ವಿದ್ಯಾರ್ಥಿಗಳಿಗೆ ಹೊಸ ಪಾಠ ಹೇಳಿದರು।,ಶಿಕ್ಷಕರು ವಿದ್ಯಾರ್ಥಿಗಳಿಗೆ ಹೊಸ ಪಾಠ ಹೇಳಿದರು।,0.0,0.0,0.0,0.9514,CORRECT
kannada.txt,ನನಗೆ ಮಾವಿನ ಹಣ್ಣು ತುಂಬ ಇಷ್ಟ।,ನನಗೆ ಮಾವಿನ ಹಣ್ಣು ತುಂಬ ಇಷ್ಟ।,0.0,0.0,0.0,0.8397,CORRECT
kannada.txt,ಅವನು ತನ್ನ ತಾತನ ಜೊತೆ ಮಾರುಕಟ್ಟೆಗೆ ಹೋದನು।,ಅವನು ತನ್ನ ತಾತನ ಜೊತೆ ಮಾರುಕಟ್ಟೆಗೆ ಹೋದನು।,0.0,0.0,0.0,0.8911,CORRECT
kannada.txt,ಮಳೆಯಿಂದ ರಸ್ತೆಯಲ್ಲಿ ನೀರು ತುಂಬಿತ್ತು।,ಮಳೆಯಿಂದ ರಸ್ತೆಯಲ್ಲಿ ನೀರು ತುಂಬಿತ್ತು।,0.0,0.0,0.0,0.9779,CORRECT
kannada.txt,ಮಕ್ಕಳು ಶಾಲೆಯನ್ನು ಸ್ವಚ್ಛಗೊಳಿಸಿದರು।,ಮಕ್ಕಳು ಶಾಲೆಯನ್ನು ಸ್ವಚ್ಛಗೊಳಿಸಿದರು।,0.0,0.0,0.0,0.9906,CORRECT
kannada.txt,ಪರಿಸರ ರಕ್ಷಿಸಲು ಮರಗಳನ್ನು ನೆಡಬೇಕು।,ಪರಿಸರ ರಕ್ಷಿಸಲು ಮರಗಳನ್ನು ನೆಡಬೇಕು।,0.0,0.0,0.0,0.9381,CORRECT
kannada.txt,ನನ್ನ ಸಹೋದರಿ ಪ್ರತಿದಿನ ಸಂಗೀತ ಅಭ್ಯಾಸ ಮಾಡುತ್ತಾಳೆ।,ನನ್ನ ಸಹೋದರಿ ಪ್ರತಿದಿನ ಸಂಗೀತ ಅಭ್ಯಾಸ ಮಾಡುತ್ತಾಳೆ।,0.0,0.0,0.0,0.8751,CORRECT
kannada.txt,ನಿನ್ನೆ ರಾತ್ರಿ ಆಕಾಶದಲ್ಲಿ ಅನೇಕ ನಕ್ಷತ್ರಗಳು ಕಾಣುತ್ತಿದ್ದವು।,ನಿನ್ನೆ ರಾತ್ರಿ ಆಕಾಶದಲ್ಲಿ ಅನೇಕ ನಕ್ಷತ್ರಗಳು ಕಾಣುತ್ತಿದ್ದವು।,0.0,0.0,0.0,0.9566,CORRECT
kannada.txt,ಪೋಲಿಸರು ಕಳ್ಳನನ್ನು ಬಂಧಿಸಿದರು।,ಪೋಲಿಸರು ಕಳ್ಳನನ್ನು ಬಂಧಿಸಿದರು।,0.0,0.0,0.0,0.889,CORRECT
kannada.txt,ಪುಸ್ತಕ ಓದುವುದರಿಂದ ಜ್ಞಾನ ಹೆಚ್ಚುತ್ತದೆ।,ಪುಸ್ತಕ ಓದುವುದರಿಂದ ಜ್ಞಾನ ಹೆಚ್ಚುತ್ತದೆ।,0.0,0.0,0.0,0.8529,CORRECT
kannada.txt,ವೃದ್ಧನು ನಿಧಾನವಾಗಿ ರಸ್ತೆ ದಾಟುತ್ತಿದ್ದನು।,ವೃದ್ಧನು ನಿಧಾನವಾಗಿ ರಸ್ತೆ ದಾಟುತ್ತಿದ್ದನು।,0.0,0.0,0.0,0.9765,CORRECT
kannada.txt,ಮೋಹನ್ ತನ್ನ ಸ್ನೇಹಿತನಿಗೆ ಉಡುಗೊರೆ ಕೊಟ್ಟನು।,ಮೋಹನ್ ತನ್ನ ಸ್ನೇಹಿತನಿಗೆ ಉಡುಗೊರೆ ಕೊಟ್ಟನು।,0.0,0.0,0.0,0.9062,CORRECT
kannada.txt,ನಾವು ಇತರರಿಗೆ ಸಹಾಯ ಮಾಡಬೇಕು।,ನಾವು ಇತರರಿಗೆ ಸಹಾಯ ಮಾಡಬೇಕು।,0.0,0.0,0.0,0.9599,CORRECT
kannada.txt,ಶಾಲೆಯಲ್ಲಿ ವಿಜ್ಞಾನ ಪ್ರದರ್ಶನ ನಡೆಯಿತು।,ಶಾಲೆಯಲ್ಲಿ ವಿಜ್ಞಾನ ಪ್ರದರ್ಶನ ನಡೆಯಿತು।,0.0,0.0,0.0,0.7996,CORRECT
kannada.txt,ಮಕ್ಕಳು ಮೈದಾನದಲ್ಲಿ ಕ್ರಿಕೆಟ್ ಆಡುತ್ತಿದ್ದರು।,ಮಕ್ಕಳು ಮೈದಾನದಲ್ಲಿ ಕ್ರಿಕೆಟ್ ಆಡುತ್ತಿದ್ದರು।,0.0,0.0,0.0,0.8358,CORRECT
kannada.txt,ಅವನು ಪರೀಕ್ಷೆಯಲ್ಲಿ ಪ್ರಥಮ ಸ್ಥಾನ ಪಡೆದನು।,ಅವನು ಪರೀಕ್ಷೆಯಲ್ಲಿ ಪ್ರಥಮ ಸ್ಥಾನ ಪಡೆದನು।,0.0,0.0,0.0,0.8485,CORRECT
kannada.txt,ತಾಯಿ ರುಚಿಯಾದ ಊಟ ಮಾಡಿದರು।,ತಾಯಿ ರುಚಿಯಾದ ಊಟ ಮಾಡಿದರು।,0.0,0.0,0.0,0.8269,CORRECT
kannada.txt,ಪ್ರಯಾಣಿಕರು ಬಸ್ಸಿಗಾಗಿ ಕಾಯುತ್ತಿದ್ದರು।,ಪ್ರಯಾಣಿಕರು ಬಸ್ಸಿಗಾಗಿ ಕಾಯುತ್ತಿದ್ದರು।,0.0,0.0,0.0,0.8771,CORRECT
kannada.txt,ಕಾಡಿನಲ್ಲಿ ಅನೇಕ ಕಾಡುಪ್ರಾಣಿಗಳು ಇವೆ।,ಕಾಡಿನಲ್ಲಿ ಅನೇಕ ಕಾಡುಪ್ರಾಣಿಗಳು ಇವೆ।,0.0,0.0,0.0,0.8723,CORRECT
kannada.txt,ನೀರನ್ನು ಉಳಿಸಬೇಕು।,ನೀರನ್ನು ಉಳಿಸಬೇಕು।,0.0,0.0,0.0,0.9973,CORRECT
kannada.txt,ಸೈನಿಕರು ಗಡಿಯಲ್ಲಿ ಕರ್ತವ್ಯ ನಿರ್ವಹಿಸುತ್ತಿದ್ದಾರೆ।,ಸೈನಿಕರು ಗಡಿಯಲ್ಲಿ ಕರ್ತವ್ಯ ನಿರ್ವಹಿಸುತ್ತಿದ್ದಾರೆ।,0.0,0.0,0.0,0.8616,CORRECT
kannada.txt,ನನಗೆ ಕನ್ನಡ ಭಾಷೆ ಬಹಳ ಇಷ್ಟ।,ನನಗೆ ಕನ್ನಡ ಭಾಷೆ ಬಹಳ ಇಷ್ಟ।,0.0,0.0,0.0,0.9121,CORRECT
kannada.txt,ಅವನು ಪ್ರತಿದಿನ ಪತ್ರಿಕೆ ಓದುತ್ತಾನೆ।,ಅವನು ಪ್ರತಿದಿನ ಪತ್ರಿಕೆ ಓದುತ್ತಾನೆ।,0.0,0.0,0.0,0.8693,CORRECT
kannada.txt,ವಿದ್ಯಾರ್ಥಿಗಳು ರಾಷ್ಟ್ರಗೀತೆ ಹಾಡಿದರು।,ವಿದ್ಯಾರ್ಥಿಗಳು ರಾಷ್ಟ್ರಗೀತೆ ಹಾಡಿದರು।,0.0,0.0,0.0,0.7862,CORRECT
kannada.txt,ಮಕ್ಕಳು ಮೃಗಾಲಯದಲ್ಲಿ ಆನೆ ಮತ್ತು ಸಿಂಹ ನೋಡಿದರು।,ಮಕ್ಕಳು ಮೃಗಾಲಯದಲ್ಲಿ ಆನೆ ಮತ್ತು ಸಿಂಹ ನೋಡಿದರು।,0.0,0.0,0.0,0.9122,CORRECT
kannada.txt,ಅಜ್ಜಿ ಮಕ್ಕಳಿಗೆ ಕಥೆ ಹೇಳುತ್ತಾಳೆ।,ಅಜ್ಜಿ ಮಕ್ಕಳಿಗೆ ಕಥೆ ಹೇಳುತ್ತಾಳೆ।,0.0,0.0,0.0,0.8256,CORRECT
kannada.txt,ಇಂದು ಮಾರುಕಟ್ಟೆಯಲ್ಲಿ ತುಂಬಾ ಜನರಿದ್ದರು।,ಇಂದು ಮಾರುಕಟ್ಟೆಯಲ್ಲಿ ತುಂಬಾ ಜನರಿದ್ದರು।,0.0,0.0,0.0,0.856,CORRECT
kannada.txt,ವಿಜ್ಞಾನಿಗಳು ಹೊಸ ಆವಿಷ್ಕಾರಗಳಲ್ಲಿ ತೊಡಗಿದ್ದಾರೆ।,ವಿಜ್ಞಾನಿಗಳು ಹೊಸ ಆವಿಷ್ಕಾರಗಳಲ್ಲಿ ತೊಡಗಿದ್ದಾರೆ।,0.0,0.0,0.0,0.8874,CORRECT
kannada.txt,ನಾವು ಆರೋಗ್ಯದ ಬಗ್ಗೆ ಕಾಳಜಿ ವಹಿಸಬೇಕು।,ನಾವು ಆರೋಗ್ಯದ ಬಗ್ಗೆ ಕಾಳಜಿ ವಹಿಸಬೇಕು।,0.0,0.0,0.0,0.8812,CORRECT
kannada.txt,ದೇವಾಲಯದ ಬಳಿ ದೊಡ್ಡ ಆಲದ ಮರ ಇದೆ।,ದೇವಾಲಯದ ಬಳಿ ದೊಡ್ಡ ಆಲದ ಮರ ಇದೆ।,0.0,0.0,0.0,0.857,CORRECT
kannada.txt,ವಿದ್ಯಾರ್ಥಿಗಳು ಕಂಪ್ಯೂಟರ್ ಕಲಿಯುತ್ತಿದ್ದಾರೆ।,ವಿದ್ಯಾರ್ಥಿಗಳು ಕಂಪ್ಯೂಟರ್ ಕಲಿಯುತ್ತಿದ್ದಾರೆ।,0.0,0.0,0.0,0.9946,CORRECT
maithili.txt,हम आइ विद्यालय जाए मे देरी कए देलिऐ।,हम आइ विद्यालय जाए मे देरी कए देलिऐ।,0.0,0.0,0.0,0.974,CORRECT
maithili.txt,राम रोज भोरे जल्दी उठि योग करैत अछि।,राम रोज भोरे जल्दी उठि योग करैत अछि।,0.0,0.0,0.0,0.9986,CORRECT
maithili.txt,भारत अनेक भाषा आ संस्कृति वाला देश अछि।,भारत अनेक भाषा आ संस्कृति वाला देश अछि।,0.0,0.0,0.0,0.9998,CORRECT
maithili.txt,बच्चा सभकेँ सदिखन सत्य बोलबाक चाही।,बच्चा सभकेँ सदिखन सत्य बोलबाक चाही।,0.0,0.0,0.0,0.8931,CORRECT
maithili.txt,आइ मौसम बहुत सुहावन अछि।,आइ मौसम बहुत सुहावन अछि।,0.0,0.0,0.0,0.9834,CORRECT
maithili.txt,किसान खेत मे गहूम काटि रहल अछि।,किसान खेत मे गहूम काटि रहल अछि।,0.0,0.0,0.0,0.9983,CORRECT
maithili.txt,हमरा सभकेँ माता-पिताक सम्मान करबाक चाही।,हमरा सभकेँ माता-पिताक सम्मान करबाक चाही।,0.0,0.0,0.0,0.9898,CORRECT
maithili.txt,ओ पुस्तकालय मे बैस पुस्तक पढ़ि रहल छथि।,ओ पुस्तकालय मे बैस पुस्तक पढ़ि रहल छथि।,0.0,0.0,0.0,0.9166,CORRECT
maithili.txt,रेलगाड़ी आइ देरी सँ पहुँचलक।,रेलगाड़ी आइ देरी सँ पहुँचलक।,0.0,0.0,0.0,0.9361,CORRECT
maithili.txt,डॉक्टर रोगीकेँ समय पर दवा लेबाक सलाह देलथि।,डॉक्टर रोगीकेँ समय पर दवा लेबाक सलाह देलथि।,0.0,0.0,0.0,0.9941,CORRECT
maithili.txt,गाछ सभ सँ स्वच्छ हवा भेटैत अछि।,गाछ सभ सँ स्वच्छ हवा भेटैत अछि।,0.0,0.0,0.0,0.9986,CORRECT
maithili.txt,छात्र सभ परीक्षा लेल मेहनत कए रहल छथि।,छात्र सभ परीक्षा लेल मेहनत कए रहल छथि।,0.0,0.0,0.0,0.9165,CORRECT
maithili.txt,वर्षा सँ नदीक जल बढ़ि गेल अछि।,वर्षा सँ नदीक जल बढ़ि गेल अछि।,0.0,0.0,0.0,0.9994,CORRECT
maithili.txt,ओ अपन मित्रकेँ जन्मदिनक शुभकामना देलथि।,ओ अपन मित्रकेँ जन्मदिनक शुभकामना देलथि।,0.0,0.0,0.0,0.9941,CORRECT
maithili.txt,गामक लोक सभ मिलि उत्सव मना रहल छथि।,गामक लोक सभ मिलि उत्सव मना रहल छथि।,0.0,0.0,0.0,0.8724,CORRECT
maithili.txt,हमरा गणितक प्रश्न हल करब नीक लगैत अछि।,हमरा गणितक प्रश्न हल करब नीक लगैत अछि।,0.0,0.0,0.0,0.985,CORRECT
maithili.txt,चिरैया भोरे मधुर आवाज करैत अछि।,चिरैया भोरे मधुर आवाज करैत अछि।,0.0,0.0,0.0,0.9996,CORRECT
maithili.txt,समयक सदुपयोग करबाक चाही।,समयक सदुपयोग करबाक चाही।,0.0,0.0,0.0,0.9982,CORRECT
maithili.txt,सूर्य पूर्व दिशा सँ निकलैत अछि।,सूर्य पूर्व दिशा सँ निकलैत अछि।,0.0,0.0,0.0,0.9996,CORRECT
maithili.txt,शिक्षक छात्र सभकेँ नव पाठ पढ़ौलनि।,शिक्षक छात्र सभकेँ नव पाठ पढ़ौलनि।,0.0,0.0,0.0,0.9819,CORRECT
maithili.txt,हमरा आम खाए बहुत पसंद अछि।,हमरा आम खाए बहुत पसंद अछि।,0.0,0.0,0.0,0.9434,CORRECT
maithili.txt,ओ अपन दादाजी संग बाजार गेल छलाह।,ओ अपन दादाजी संग बाजार गेल छलाह।,0.0,0.0,0.0,0.9965,CORRECT
maithili.txt,वर्षा सँ सड़क पर पानी भरि गेल।,वर्षा सँ सड़क पर पानी भरि गेल।,0.0,0.0,0.0,0.9968,CORRECT
maithili.txt,बच्चा सभ विद्यालय साफ कएलक।,बच्चा सभ विद्यालय साफ कएलक।,0.0,0.0,0.0,0.9588,CORRECT
maithili.txt,पर्यावरण बचाबए लेल गाछ लगाबए चाही।,पर्यावरण बचाबए लेल गाछ लगाबए चाही।,0.0,0.0,0.0,0.9953,CORRECT
maithili.txt,हमर बहिन रोज संगीतक अभ्यास करैत अछि।,हमर बहिन रोज संगीतक अभ्यास करैत अछि।,0.0,0.0,0.0,0.9995,CORRECT
maithili.txt,काल्हि राति आकाश मे बहुत तारा छल।,काल्हि राति आकाश मे बहुत तारा छल।,0.0,0.0,0.0,0.954,CORRECT
maithili.txt,पुलिस चोरकेँ पकड़ि लेलक।,पुलिस चोरकेँ पकड़ि लेलक।,0.0,0.0,0.0,0.9783,CORRECT
maithili.txt,पुस्तक पढ़ला सँ ज्ञान बढ़ैत अछि।,पुस्तक पढ़ला सँ ज्ञान बढ़ैत अछि।,0.0,0.0,0.0,0.984,CORRECT
maithili.txt,वृद्ध व्यक्ति धीरे-धीरे सड़क पार कए रहल छलाह।,वृद्ध व्यक्ति धीरे-धीरे सड़क पार कए रहल छलाह।,0.0,0.0,0.0,0.9958,CORRECT
maithili.txt,मोहन अपन मित्रकेँ उपहार देलक।,मोहन अपन मित्रकेँ उपहार देलक।,0.0,0.0,0.0,0.9951,CORRECT
maithili.txt,दोसरा लोकक सहायता करबाक चाही।,दोसरा लोकक सहायता करबाक चाही।,0.0,0.0,0.0,0.9838,CORRECT
maithili.txt,विद्यालय मे विज्ञान प्रदर्शनी लागल छल।,विद्यालय मे विज्ञान प्रदर्शनी लागल छल।,0.0,0.0,0.0,0.9995,CORRECT
maithili.txt,बच्चा सभ मैदान मे क्रिकेट खेलि रहल छल।,बच्चा सभ मैदान मे क्रिकेट खेलि रहल छल।,0.0,0.0,0.0,0.9994,CORRECT
maithili.txt,ओ परीक्षा मे प्रथम स्थान प्राप्त कएलक।,ओ परीक्षा मे प्रथम स्थान प्राप्त कएलक।,0.0,0.0,0.0,0.9959,CORRECT
maithili.txt,माय स्वादिष्ट भोजन बनेलनि।,माय स्वादिष्ट भोजन बनेलनि।,0.0,0.0,0.0,0.7782,CORRECT
maithili.txt,यात्री सभ बसक प्रतीक्षा कए रहल छलाह।,यात्री सभ बसक प्रतीक्षा कए रहल छलाह।,0.0,0.0,0.0,0.9957,CORRECT
maithili.txt,जंगल मे अनेक प्रकारक जनावर रहैत अछि।,जंगल मे अनेक प्रकारक जनावर रहैत अछि।,0.0,0.0,0.0,0.9994,CORRECT
maithili.txt,पानिक बचत करबाक चाही।,पानिक बचत करबाक चाही।,0.0,0.0,0.0,0.9968,CORRECT
maithili.txt,सैनिक सीमा पर तैनात छथि।,सैनिक सीमा पर तैनात छथि।,0.0,0.0,0.0,0.8548,CORRECT
maithili.txt,हमरा मैथिली भाषा बहुत प्रिय अछि।,हमरा मैथिली भाषा बहुत प्रिय अछि।,0.0,0.0,0.0,0.9988,CORRECT
maithili.txt,ओ प्रतिदिन समाचार पत्र पढ़ैत छथि।,ओ प्रतिदिन समाचार पत्र पढ़ैत छथि।,0.0,0.0,0.0,0.8867,CORRECT
maithili.txt,छात्र सभ राष्ट्रगान गाबि रहल छल।,छात्र सभ राष्ट्रगान गाबि रहल छल।,0.0,0.0,0.0,0.9862,CORRECT
maithili.txt,चिड़ियाघर मे बच्चा सभ हाथी देखने छल।,चिड़ियाघर मे बच्चा सभ हाथी देखने छल।,0.0,0.0,0.0,0.8905,CORRECT
maithili.txt,दादी बच्चा सभकेँ कथा सुनबैत छथि।,दादी बच्चा सभकेँ कथा सुनबैत छथि।,0.0,0.0,0.0,0.7527,CORRECT
maithili.txt,आइ बाजार मे बहुत भीड़ छल।,आइ बाजार मे बहुत भीड़ छल।,0.0,0.0,0.0,0.9692,CORRECT
maithili.txt,वैज्ञानिक नव खोज मे लागल छथि।,वैज्ञानिक नव खोज मे लागल छथि।,0.0,0.0,0.0,0.8812,CORRECT
maithili.txt,स्वास्थ्यक ध्यान राखबाक चाही।,स्वास्थ्यक ध्यान राखबाक चाही।,0.0,0.0,0.0,0.985,CORRECT
maithili.txt,मंदिर लग एकटा बरगदक गाछ अछि।,मंदिर लग एकटा बरगदक गाछ अछि।,0.0,0.0,0.0,0.9943,CORRECT
maithili.txt,विद्यार्थी कंप्यूटर सीखि रहल छथि।,विद्यार्थी कंप्यूटर सीखि रहल छथि।,0.0,0.0,0.0,0.8865,CORRECT
telugu.txt,నేను ఈరోజు పాఠశాలకు వెళ్లడానికి ఆలస్యమైంది।,నేను ఈరోజు పాఠశాలకు వెళ్లడానికి ఆలస్యమైంది।,0.0,0.0,0.0,0.8016,CORRECT
telugu.txt,రాము ప్రతిరోజూ ఉదయం త్వరగా లేచి యోగ చేస్తాడు।,రాము ప్రతిరోజూ ఉదయం త్వరగా లేచి యోగ చేస్తాడు।,0.0,0.0,0.0,0.9247,CORRECT
telugu.txt,భారత్ అనేక భాషలు మరియు సంస్కృతుల దేశం।,భారత్ అనేక భాషలు మరియు సంస్కృతుల దేశం।,0.0,0.0,0.0,0.8807,CORRECT
telugu.txt,పిల్లలు ఎప్పుడూ నిజం చెప్పాలి।,పిల్లలు ఎప్పుడూ నిజం చెప్పాలి।,0.0,0.0,0.0,0.8022,CORRECT
telugu.txt,ఈరోజు వాతావరణం చాలా చల్లగా ఉంది।,ఈరోజు వాతావరణం చాలా చల్లగా ఉంది।,0.0,0.0,0.0,0.9856,CORRECT
telugu.txt,రైతు పొలంలో గోధుమ కోస్తున్నాడు।,రైతు పొలంలో గోధుమ కోస్తున్నాడు।,0.0,0.0,0.0,0.868,CORRECT
telugu.txt,మనం మన తల్లిదండ్రులను గౌరవించాలి।,మనం మన తల్లిదండ్రులను గౌరవించాలి।,0.0,0.0,0.0,0.967,CORRECT
telugu.txt,ఆమె గ్రంథాలయంలో కూర్చొని పుస్తకం చదువుతోంది।,ఆమె గ్రంథాలయంలో కూర్చొని పుస్తకం చదువుతోంది।,0.0,0.0,0.0,0.9223,CORRECT
telugu.txt,రైలు ఈరోజు ఆలస్యంగా వచ్చింది।,రైలు ఈరోజు ఆలస్యంగా వచ్చింది।,0.0,0.0,0.0,0.9206,CORRECT
telugu.txt,డాక్టర్ రోగికి సమయానికి మందు తినమని చెప్పారు।,డాక్టర్ రోగికి సమయానికి మందు తినమని చెప్పారు।,0.0,0.0,0.0,0.8989,CORRECT
telugu.txt,చెట్లు మనకు స్వచ్ఛమైన గాలి ఇస్తాయి।,చెట్లు మనకు స్వచ్ఛమైన గాలి ఇస్తాయి।,0.0,0.0,0.0,0.8573,CORRECT
telugu.txt,విద్యార్థులు పరీక్షలకు కష్టపడుతున్నారు।,విద్యార్థులు పరీక్షలకు కష్టపడుతున్నారు।,0.0,0.0,0.0,0.9919,CORRECT
telugu.txt,వర్షం వల్ల నదిలో నీరు పెరిగింది।,వర్షం వల్ల నదిలో నీరు పెరిగింది।,0.0,0.0,0.0,0.8331,CORRECT
telugu.txt,అతను తన స్నేహితుడికి పుట్టినరోజు శుభాకాంక్షలు తెలిపాడు।,అతను తన స్నేహితుడికి పుట్టినరోజు శుభాకాంక్షలు తెలిపాడు।,0.0,0.0,0.0,0.9947,CORRECT
telugu.txt,గ్రామస్తులు కలిసి పండుగ జరుపుకుంటున్నారు।,గ్రామస్తులు కలిసి పండుగ జరుపుకుంటున్నారు।,0.0,0.0,0.0,0.6957,WRONG
telugu.txt,నాకు గణిత సమస్యలు పరిష్కరించడం ఇష్టం।,నాకు గణిత సమస్యలు పరిష్కరించడం ఇష్టం।,0.0,0.0,0.0,0.7818,CORRECT
telugu.txt,పక్షులు ఉదయం మధురంగా కూస్తాయి।,పక్షులు ఉదయం మధురంగా కూస్తాయి।,0.0,0.0,0.0,0.863,CORRECT
telugu.txt,సమయాన్ని సరిగ్గా ఉపయోగించాలి।,సమయాన్ని సరిగ్గా ఉపయోగించాలి।,0.0,0.0,0.0,0.9567,CORRECT
telugu.txt,సూర్యుడు తూర్పు దిశలో ఉదయిస్తాడు।,సూర్యుడు తూర్పు దిశలో ఉదయిస్తాడు।,0.0,0.0,0.0,0.9914,CORRECT
telugu.txt,గురువు విద్యార్థులకు కొత్త పాఠం చెప్పారు।,గురువు విద్యార్థులకు కొత్త పాఠం చెప్పారు।,0.0,0.0,0.0,0.7156,WRONG
telugu.txt,నాకు మామిడి పండు చాలా ఇష్టం।,నాకు మామిడి పండు చాలా ఇష్టం।,0.0,0.0,0.0,0.8333,CORRECT
telugu.txt,అతను తన తాతతో కలిసి మార్కెట్‌కు వెళ్లాడు।,అతను తన తాతతో కలిసి మార్కెట్‌కు వెళ్లాడు।,0.0,0.0,0.0,0.9164,CORRECT
telugu.txt,వర్షం కారణంగా రోడ్డుపై నీరు నిలిచింది।,వర్షం కారణంగా రోడ్డుపై నీరు నిలిచింది।,0.0,0.0,0.0,0.9615,CORRECT
telugu.txt,పిల్లలు పాఠశాలను శుభ్రం చేశారు।,పిల్లలు పాఠశాలను శుభ్రం చేశారు।,0.0,0.0,0.0,0.8096,CORRECT
telugu.txt,పర్యావరణాన్ని కాపాడటానికి చెట్లు నాటాలి।,పర్యావరణాన్ని కాపాడటానికి చెట్లు నాటాలి।,0.0,0.0,0.0,0.888,CORRECT
telugu.txt,నా అక్క ప్రతిరోజూ సంగీత సాధన చేస్తుంది।,నా అక్క ప్రతిరోజూ సంగీత సాధన చేస్తుంది।,0.0,0.0,0.0,0.8611,CORRECT
telugu.txt,నిన్న రాత్రి ఆకాశంలో చాలా నక్షత్రాలు కనిపించాయి।,నిన్న రాత్రి ఆకాశంలో చాలా నక్షత్రాలు కనిపించాయి।,0.0,0.0,0.0,0.9292,CORRECT
telugu.txt,పోలీసులు దొంగను పట్టుకున్నారు।,పోలీసులు దొంగను పట్టుకున్నారు।,0.0,0.0,0.0,0.8499,CORRECT
telugu.txt,పుస్తకాలు చదవడం వల్ల జ్ఞానం పెరుగుతుంది।,పుస్తకాలు చదవడం వల్ల జ్ఞానం పెరుగుతుంది।,0.0,0.0,0.0,0.8332,CORRECT
telugu.txt,వృద్ధుడు నెమ్మదిగా రోడ్డును దాటుతున్నాడు।,వృద్ధుడు నెమ్మదిగా రోడ్డును దాటుతున్నాడు।,0.0,0.0,0.0,0.991,CORRECT
telugu.txt,మోహన్ తన స్నేహితుడికి బహుమతి ఇచ్చాడు।,మోహన్ తన స్నేహితుడికి బహుమతి ఇచ్చాడు।,0.0,0.0,0.0,0.8986,CORRECT
telugu.txt,మనం ఇతరులకు సహాయం చేయాలి।,మనం ఇతరులకు సహాయం చేయాలి।,0.0,0.0,0.0,0.989,CORRECT
telugu.txt,పాఠశాలలో విజ్ఞాన ప్రదర్శన జరిగింది।,పాఠశాలలో విజ్ఞాన ప్రదర్శన జరిగింది।,0.0,0.0,0.0,0.7961,CORRECT
telugu.txt,పిల్లలు మైదానంలో క్రికెట్ ఆడుతున్నారు।,పిల్లలు మైదానంలో క్రికెట్ ఆడుతున్నారు।,0.0,0.0,0.0,0.8964,CORRECT
telugu.txt,అతను పరీక్షలో మొదటి స్థానం సాధించాడు।,అతను పరీక్షలో మొదటి స్థానం సాధించాడు।,0.0,0.0,0.0,0.831,CORRECT
telugu.txt,అమ్మ రుచికరమైన భోజనం చేసింది।,అమ్మ రుచికరమైన భోజనం చేసింది।,0.0,0.0,0.0,0.8359,CORRECT
telugu.txt,ప్రయాణికులు బస్సు కోసం ఎదురుచూస్తున్నారు।,ప్రయాణికులు బస్సు కోసం ఎదురుచూస్తున్నారు।,0.0,0.0,0.0,0.8905,CORRECT
telugu.txt,అడవిలో అనేక అడవి జంతువులు ఉన్నాయి।,అడవిలో అనేక అడవి జంతువులు ఉన్నాయి।,0.0,0.0,0.0,0.8329,CORRECT
telugu.txt,నీటిని ఆదా చేయాలి।,నీటిని ఆదా చేయాలి।,0.0,0.0,0.0,0.968,CORRECT
telugu.txt,సైనికులు సరిహద్దులో విధులు నిర్వహిస్తున్నారు।,సైనికులు సరిహద్దులో విధులు నిర్వహిస్తున్నారు।,0.0,0.0,0.0,0.932,CORRECT
telugu.txt,నాకు తెలుగు భాష చాలా ఇష్టం।,నాకు తెలుగు భాష చాలా ఇష్టం।,0.0,0.0,0.0,0.9668,CORRECT
telugu.txt,అతను ప్రతిరోజూ వార్తాపత్రిక చదువుతాడు।,అతను ప్రతిరోజూ వార్తాపత్రిక చదువుతాడు।,0.0,0.0,0.0,0.8378,CORRECT
telugu.txt,విద్యార్థులు జాతీయ గీతం పాడారు।,విద్యార్థులు జాతీయ గీతం పాడారు।,0.0,0.0,0.0,0.9002,CORRECT
telugu.txt,పిల్లలు జంతుప్రదర్శనశాలలో ఏనుగు మరియు సింహం చూశారు।,పిల్లలు జంతుప్రదర్శనశాలలో ఏనుగు మరియు సింహం చూశారు।,0.0,0.0,0.0,0.8652,CORRECT
telugu.txt,అమ్మమ్మ పిల్లలకు కథలు చెబుతుంది।,అమ్మమ్మ పిల్లలకు కథలు చెబుతుంది।,0.0,0.0,0.0,0.9894,CORRECT
telugu.txt,ఈరోజు మార్కెట్‌లో చాలా జనసందోహం ఉంది।,ఈరోజు మార్కెట్‌లో చాలా జనసందోహం ఉంది।,0.0,0.0,0.0,0.8977,CORRECT
telugu.txt,శాస్త్రవేత్తలు కొత్త ఆవిష్కరణలపై పనిచేస్తున్నారు।,శాస్త్రవేత్తలు కొత్త ఆవిష్కరణలపై పనిచేస్తున్నారు।,0.0,0.0,0.0,0.9135,CORRECT
telugu.txt,మన ఆరోగ్యాన్ని జాగ్రత్తగా చూసుకోవాలి।,మన ఆరోగ్యాన్ని జాగ్రత్తగా చూసుకోవాలి।,0.0,0.0,0.0,0.992,CORRECT
telugu.txt,దేవాలయం దగ్గర పెద్ద మర్రిచెట్టు ఉంది।,దేవాలయం దగ్గర పెద్ద మర్రిచెట్టు ఉంది।,0.0,0.0,0.0,0.8561,CORRECT
telugu.txt,విద్యార్థులు కంప్యూటర్ నేర్చుకుంటున్నారు।,విద్యార్థులు కంప్యూటర్ నేర్చుకుంటున్నారు।,0.0,0.0,0.0,0.7355,WRONG
